AcquisitionSource,total_customers,total_transactions,total_cost,conversion_rate,CAC
Google-ads,16658,36085,11512146.9337,0.4616322571705695,691.0881818765758
Meta-ads,4731,5456,1493116.421,0.8671187683284457,315.6027099978863
Yt-Campaign,4756,5492,1438437.8852,0.8659868900218499,302.44699015979813
